--
-- Data for Name: gianozia_pages_file; Type: TABLE DATA; Schema: public; Owner: gianozia
--

INSERT INTO gianozia_pages_file (id, name, description, path) VALUES (1, 'bulbocapillina.png', 'dimensione di 2848x3890', '/home/chiara/gianozia/web/media/files/bulbocapillina.png');
INSERT INTO gianozia_pages_file (id, name, description, path) VALUES (2, 'falco-0-12.pdf', 'Capitoli da 1 a 12 in formato pdf', '/home/chiara/gianozia/web/media/files/falco-0-12.pdf');
INSERT INTO gianozia_pages_file (id, name, description, path) VALUES (3, 'gianozia_flag.jpg', 'gianozia_flag.jpg', '/home/chiara/gianozia/web/media/files/gianozia_flag.jpg');
INSERT INTO gianozia_pages_file (id, name, description, path) VALUES (4, 'libtavole.py', 'libtavole.py', '/home/chiara/gianozia/web/media/files/libtavole.py');
INSERT INTO gianozia_pages_file (id, name, description, path) VALUES (5, 'mahjong.tar.gz', 'Mahjong', '/home/chiara/gianozia/web/media/files/mahjong.tar.gz');
INSERT INTO gianozia_pages_file (id, name, description, path) VALUES (6, 'memory.tar.gz', 'Memory', '/home/chiara/gianozia/web/media/files/memory.tar.gz');
INSERT INTO gianozia_pages_file (id, name, description, path) VALUES (7, 'numprimi.py', 'numprimi.py', '/home/chiara/gianozia/web/media/files/numprimi.py');
INSERT INTO gianozia_pages_file (id, name, description, path) VALUES (8, 'radici.py', 'radici.py', '/home/chiara/gianozia/web/media/files/radici.py');
INSERT INTO gianozia_pages_file (id, name, description, path) VALUES (9, 'sl_cosa.pdf', 'Cos''è il software libero', '/home/chiara/gianozia/web/media/files/sl_cosa.pdf');
INSERT INTO gianozia_pages_file (id, name, description, path) VALUES (11, 'sl_umanisti.pdf', 'Software Libero per Umanisti', '/home/chiara/gianozia/web/media/files/sl_umanisti.pdf');
INSERT INTO gianozia_pages_file (id, name, description, path) VALUES (13, 'tavole-numprimi.pdf', 'Numeri primi fino a 10000', '/home/chiara/gianozia/web/media/files/tavole-numprimi.pdf');
INSERT INTO gianozia_pages_file (id, name, description, path) VALUES (14, 'tavole-radici.pdf', 'Potenze e radici fino 1000', '/home/chiara/gianozia/web/media/files/tavole-radici.pdf');
INSERT INTO gianozia_pages_file (id, name, description, path) VALUES (15, 'tetris.tar.gz', 'Tetris', '/home/chiara/gianozia/web/media/files/tetris.tar.gz');
INSERT INTO gianozia_pages_file (id, name, description, path) VALUES (16, 'turco-grammatica.pdf', 'Appunti di grammatica turca', '/home/chiara/gianozia/web/media/files/turco-grammatica.pdf');
INSERT INTO gianozia_pages_file (id, name, description, path) VALUES (17, 'turco-poesie.pdf', 'Antologia di poesie turche', '/home/chiara/gianozia/web/media/files/turco-poesie.pdf');
INSERT INTO gianozia_pages_file (id, name, description, path) VALUES (10, 'sl_nonprogrammatori.pdf', 'Utilità del software libero per i non programmatori', '/home/chiara/gianozia/web/media//files/bulbocapillina.png');


--
-- Name: gianozia_pages_file_id_seq; Type: SEQUENCE SET; Schema: public; Owner: gianozia
--

SELECT pg_catalog.setval('gianozia_pages_file_id_seq', 17, true);

--
-- Data for Name: gianozia_pages_image; Type: TABLE DATA; Schema: public; Owner: gianozia
--

INSERT INTO gianozia_pages_image (id, name, description, alternate, path) VALUES (2, 'Arabic_speaking_world.png', 'Paesi dove l''arabo è una lingua ufficiale (verde) o nazionale (blu) (da Wikipedia)', 'Arabic_speaking_world.png', '/home/chiara/gianozia/web/media/images/Arabic_speaking_world.png');
INSERT INTO gianozia_pages_image (id, name, description, alternate, path) VALUES (4, 'Madam.gif', '(Manchester) Mark I', 'Madam.gif', '/home/chiara/gianozia/web/media/images/Madam.gif');
INSERT INTO gianozia_pages_image (id, name, description, alternate, path) VALUES (6, 'Nova840.jpg', '"Nova"', 'Nova840.jpg', '/home/chiara/gianozia/web/media/images/Nova840.jpg');
INSERT INTO gianozia_pages_image (id, name, description, alternate, path) VALUES (7, 'amman.almagro2-460.png', 'Amman, acropoli. Pianta. Rielaborazione da [b]WARNING[/b]: No such module MYARTICOLO! , pag. 460.', 'amman.almagro2-460.png', '/home/chiara/gianozia/web/media/images/amman.almagro2-460.png');
INSERT INTO gianozia_pages_image (id, name, description, alternate, path) VALUES (8, 'amman.eea-Image03.png', 'Amman, acropoli. Vista. La foto originale viene da [url="http://www.eea.csic.es/Alcazar/pages/image03.htm"]El Alcázar Omeya de Ammán[/url].', 'amman.eea-Image03.png', '/home/chiara/gianozia/web/media/images/amman.eea-Image03.png');
INSERT INTO gianozia_pages_image (id, name, description, alternate, path) VALUES (9, 'aqaba.NN_Spr94_fig3.gif', 'Aqaba, VII secolo. Pianta. Da [url="http://oi.uchicago.edu/research/projects/aqa/"]The Aqaba Project[/url] (The Oriental Institute of The University of Chicago).', 'aqaba.NN_Spr94_fig3.gif', '/home/chiara/gianozia/web/media/images/aqaba.NN_Spr94_fig3.gif');
INSERT INTO gianozia_pages_image (id, name, description, alternate, path) VALUES (10, 'archepen.gif', 'archepen.gif', 'archepen.gif', '/home/chiara/gianozia/web/media/images/archepen.gif');
INSERT INTO gianozia_pages_image (id, name, description, alternate, path) VALUES (11, 'archnet.IAA13644.JPG', 'Gerusalemme,  Cupola della  Roccia (692). Vista del soffitto della cupola. Dall''Aga Khan Trust for Culture via Archnet ([url="http://archnet.org/library/images/one-image.tcl?location_id=2810&image_id=52133"]IAA13644[/url]). Il fregio in marmo della parete esterna probabilmente sostituisce gli originali mosaici. Gli architravi sono decorati con placche di bronzo lavorate a rovescio.', 'archnet.IAA13644.JPG', '/home/chiara/gianozia/web/media/images/archnet.IAA13644.JPG');
INSERT INTO gianozia_pages_image (id, name, description, alternate, path) VALUES (12, 'archnet.ICR0173.JPG', 'Fustat, Il Cairo. Moschea di Ibn Tulun (870-879). Interno, pilastri nell''angolo sud. Da {MYDIR(id=63,desc=)/} via Archnet ([url="http://archnet.org/library/images/one-image.jsp?location_id=3461&image_id=61941"]ICR0173[/url]). L''intradosso e l''arco sono decorati in stile B. Le pseudo-colonne sono fatte in mattoni appositamente sagomati.', 'archnet.ICR0173.JPG', '/home/chiara/gianozia/web/media/images/archnet.ICR0173.JPG');
INSERT INTO gianozia_pages_image (id, name, description, alternate, path) VALUES (13, 'archnet.ICR0478.JPG', 'Qairawan, grande moschea (670, 817-838, 856-863). Riwaq, angolo di sud-ovest. Di K.A.C Creswell, da {MYDIR(id=63,desc=)/} via Archnet ([url="http://archnet.org/library/images/one-image.jsp?location_id=9836&image_id=62245"]ICR0478[/url]).', 'archnet.ICR0478.JPG', '/home/chiara/gianozia/web/media/images/archnet.ICR0478.JPG');
INSERT INTO gianozia_pages_image (id, name, description, alternate, path) VALUES (14, 'archnet.ICR0514.JPG', 'Qairawan, grande moschea (670, 817-838, 856-863). Vista del mihrab. Di K.A.C Creswell, da {MYDIR(id=63,desc=)/} via Archnet ([url="http://archnet.org/library/images/one-image.jsp?location_id=9836&image_id=62281"]ICR0514[/url]).', 'archnet.ICR0514.JPG', '/home/chiara/gianozia/web/media/images/archnet.ICR0514.JPG');
INSERT INTO gianozia_pages_image (id, name, description, alternate, path) VALUES (15, 'archnet.ICR0521.JPG', 'Qairawan, grande moschea (670, 817-838, 856-863). Dettaglio delle piastrelle a lustro del mihrab. Di K.A.C Creswell, da {MYDIR(id=63,desc=)/} via Archnet ([url="http://archnet.org/library/images/one-image.jsp?location_id=9836&image_id=62288"]ICR0521[/url]).', 'archnet.ICR0521.JPG', '/home/chiara/gianozia/web/media/images/archnet.ICR0521.JPG');
INSERT INTO gianozia_pages_image (id, name, description, alternate, path) VALUES (16, 'archnet.ICR1891.JPG', 'Gerusalemme,  Cupola della  Roccia (692). Platform of the Sakhra, west side. Di K.A.C Creswell, via Archnet ([url="http://archnet.org/library/images/one-image.jsp?location_id=1432&image_id=63655"]ICR1891[/url]).', 'archnet.ICR1891.JPG', '/home/chiara/gianozia/web/media/images/archnet.ICR1891.JPG');
INSERT INTO gianozia_pages_image (id, name, description, alternate, path) VALUES (17, 'archnet.ICR2544.jpg', 'Damasco. Moschea degli Omayyadi (705-715). Finestra dal lato occidentale della corte. Di K.A.C Creswell, da The Creswell Archive, via Archnet ([url="http://archnet.org/library/images/one-image.jsp?location_id=8854&image_id=64308"]ICR2544[/url]).', 'archnet.ICR2544.jpg', '/home/chiara/gianozia/web/media/images/archnet.ICR2544.jpg');
INSERT INTO gianozia_pages_image (id, name, description, alternate, path) VALUES (18, 'archnet.ICR2546.jpg', 'Damasco. Moschea degli Omayyadi (705-715). Finestra dal vestibolo occidentale. Di K.A.C Creswell, da The Creswell Archive, via Archnet ([url="http://archnet.org/library/images/one-image.jsp?location_id=8854&image_id=64310"]ICR2546[/url]).', 'archnet.ICR2546.jpg', '/home/chiara/gianozia/web/media/images/archnet.ICR2546.jpg');
INSERT INTO gianozia_pages_image (id, name, description, alternate, path) VALUES (19, 'archnet.ICR2553-part.jpg', 'Damasco. Moschea degli Omayyadi (705-715). Resto dei mosaici all''interno del santuario. Di K.A.C Creswell, da The Creswell Archive, via Archnet ([url="http://archnet.org/library/images/one-image.jsp?location_id=8854&image_id=64317"]ICR2553[/url]).', 'archnet.ICR2553-part.jpg', '/home/chiara/gianozia/web/media/images/archnet.ICR2553-part.jpg');
INSERT INTO gianozia_pages_image (id, name, description, alternate, path) VALUES (20, 'archnet.IHC0458.jpg', 'Fustat, Il Cairo. Moschea di Ibn Tulun (870-879). Intradosso con stucco scolpito. Da Fine Arts Library, Harvard College Library via Archnet ([url="http://archnet.org/library/images/one-image.jsp?location_id=3461&image_id=17678"]IHC0458[/url]).', 'archnet.IHC0458.jpg', '/home/chiara/gianozia/web/media/images/archnet.IHC0458.jpg');
INSERT INTO gianozia_pages_image (id, name, description, alternate, path) VALUES (21, 'archnet.IHJ0061.jpg', 'Gerusalemme,  Cupola della  Roccia (692). Vista da Nordest con la Dome of the Chain. Dal  Fine Arts Library, Harvard College Library via Archnet ([url="http://archnet.org/library/images/one-image.tcl?location_id=1432&image_id=28898"]IHJ0061[/url]).', 'archnet.IHJ0061.jpg', '/home/chiara/gianozia/web/media/images/archnet.IHJ0061.jpg');
INSERT INTO gianozia_pages_image (id, name, description, alternate, path) VALUES (22, 'archnet.IMG08422.jpg', 'Qairawan, grande moschea (670, 817-838, 856-863). Sezione attraverso la cupola di fronte al mihrab. Di K.A.C Creswell, da {MYDIR(id=63,desc=)/} via Archnet ([url="http://archnet.org/library/images/one-image.jsp?location_id=9836&image_id=103273"]IMG08422[/url]).', 'archnet.IMG08422.jpg', '/home/chiara/gianozia/web/media/images/archnet.IMG08422.jpg');
INSERT INTO gianozia_pages_image (id, name, description, alternate, path) VALUES (23, 'archnet.IMG08433.jpg', 'Qairawan, grande moschea (670, 817-838, 856-863). Pianta. Di K.A.C Creswell, da The Creswell Archive, via Archnet ([url="http://archnet.org/library/images/one-image.jsp?location_id=9836&image_id=103284"]IMG08433[/url]).', 'archnet.IMG08433.jpg', '/home/chiara/gianozia/web/media/images/archnet.IMG08433.jpg');
INSERT INTO gianozia_pages_image (id, name, description, alternate, path) VALUES (24, 'archnet.IMG08441.jpg', 'Gerusalemme,  Cupola della  Roccia (692). Pianta. Di K.A.C Creswell, via Archnet ([url="http://archnet.org/library/images/one-image.tcl?location_id=1432&image_id=103292"]IMG08441[/url]).', 'archnet.IMG08441.jpg', '/home/chiara/gianozia/web/media/images/archnet.IMG08441.jpg');
INSERT INTO gianozia_pages_image (id, name, description, alternate, path) VALUES (1, '3b2.jpg', '[i]AT&T 3b2 - Università di Padova, D.E.I., Laboratorio di Informatica[/i]', '3b2.jpg', '/home/chiara/gianozia/web/media/images/3b2.jpg');
INSERT INTO gianozia_pages_image (id, name, description, alternate, path) VALUES (28, 'archnet.IMG13453.jpg', 'Grande moschea di Kufa (637 ricostruita nel 670). Pianta e alzato. [b] [b](Di Nasser Rabbat, dall''Aga Khan Trust for Culture via[url="http://archnet.org/library/images/one-image.tcl?location_id=9347&image_id=150421"]Archnet[/url])', 'archnet.IMG13453.jpg', '/home/chiara/gianozia/web/media/images/archnet.IMG13453.jpg');
INSERT INTO gianozia_pages_image (id, name, description, alternate, path) VALUES (30, 'archnet.INA0605.JPG', 'Fustat, Il Cairo. Moschea di Ibn Tulun (870-879). Il Mihrab e il Minbar. Di Philippe Saad, da Archnet ([url="http://archnet.org/library/images/one-image.jsp?location_id=3461&image_id=79056"]INA0605[/url]).  I pannelli in marmo sono del periodo mamelucco, mentre i decori in stucco sono originali. Il minbar in legno è un sostituto dell''originale restaurato.', 'archnet.INA0605.JPG', '/home/chiara/gianozia/web/media/images/archnet.INA0605.JPG');
INSERT INTO gianozia_pages_image (id, name, description, alternate, path) VALUES (31, 'archnet.ISR0211.jpg', 'Khirbet al-Mafjar (724-743). Facciata dell''ingresso. Di Oleg Grabar, Fine Arts Library, Harvard College Library, via Archnet ([url="http://archnet.org/library/images/one-image.jsp?location_id=9085&image_id=42558"]ISR0211[/url]).', 'archnet.ISR0211.jpg', '/home/chiara/gianozia/web/media/images/archnet.ISR0211.jpg');
INSERT INTO gianozia_pages_image (id, name, description, alternate, path) VALUES (32, 'archnet.ISR0212.jpg', 'Khirbet al-Mafjar (724-743). Bagno, sezione. Di Oleg Grabar, Fine Arts Library, Harvard College Library, via Archnet ([url="http://archnet.org/library/images/one-image.jsp?location_id=9085&image_id=425559"]ISR0212[/url]).', 'archnet.ISR0212.jpg', '/home/chiara/gianozia/web/media/images/archnet.ISR0212.jpg');
INSERT INTO gianozia_pages_image (id, name, description, alternate, path) VALUES (33, 'archnet.ISR0213.jpg', 'Khirbet al-Mafjar (724-743). Bagno, assonometria. Di Oleg Grabar, Fine Arts Library, Harvard College Library, via Archnet ([url="http://archnet.org/library/images/one-image.jsp?location_id=9085&image_id=42560"]ISR0213[/url]).', 'archnet.ISR0213.jpg', '/home/chiara/gianozia/web/media/images/archnet.ISR0213.jpg');
INSERT INTO gianozia_pages_image (id, name, description, alternate, path) VALUES (34, 'archnet.ISR0214.jpg', 'Khirbet al-Mafjar (724-743). Pianta. Di Oleg Grabar, Fine Arts Library, Harvard College Library, via Archnet, ([url="http://archnet.org/library/images/one-image.jsp?location_id=9085&image_id=42561"]ISR0214[/url]).', 'archnet.ISR0214.jpg', '/home/chiara/gianozia/web/media/images/archnet.ISR0214.jpg');
INSERT INTO gianozia_pages_image (id, name, description, alternate, path) VALUES (35, 'archnet.ISY0532.jpg', 'Damasco. Moschea degli Omayyadi (705-715). Facciata della navata centrale sulla corte interna. Di Nasser Rabbat, da Archnet ([url="http://archnet.org/library/images/one-image.jsp?location_id=8854&image_id=41100"]ISY0532[/url]).', 'archnet.ISY0532.jpg', '/home/chiara/gianozia/web/media/images/archnet.ISY0532.jpg');
INSERT INTO gianozia_pages_image (id, name, description, alternate, path) VALUES (36, 'archnet.ISY0537.jpg', 'Damasco. Moschea degli Omayyadi (705-715). Dettagli dei mosaici con l''iscrizione di Nur al-Din sopra l''arco del riwaq. Di Nasser Rabbat, da Archnet ([url="http://archnet.org/library/images/one-image.jsp?location_id=8854&image_id=41105"]ISY0537[/url]).', 'archnet.ISY0537.jpg', '/home/chiara/gianozia/web/media/images/archnet.ISY0537.jpg');
INSERT INTO gianozia_pages_image (id, name, description, alternate, path) VALUES (37, 'archnet.ISY0539.jpg', 'Damasco. Moschea degli Omayyadi (705-715). Vista del Mihrab. Di Nasser Rabbat, da Archnet ([url="http://archnet.org/library/images/one-image.jsp?location_id=8854&image_id=41107"]ISY0539[/url]).', 'archnet.ISY0539.jpg', '/home/chiara/gianozia/web/media/images/archnet.ISY0539.jpg');
INSERT INTO gianozia_pages_image (id, name, description, alternate, path) VALUES (38, 'archnet.ISY0540.jpg', 'Damasco. Moschea degli Omayyadi (705-715). Dettaglio del muro esterno con sopra i mosaici e sotto pannelli ornamentali in marmo e la porta di legno intagliato. Di Nasser Rabbat, da Archnet ([url="http://archnet.org/library/images/one-image.jsp?location_id=8854&image_id=41108"]ISY0540[/url]).', 'archnet.ISY0540.jpg', '/home/chiara/gianozia/web/media/images/archnet.ISY0540.jpg');
INSERT INTO gianozia_pages_image (id, name, description, alternate, path) VALUES (39, 'archnet.ISY0543.jpg', 'Damasco. Moschea degli Omayyadi (705-715). Dettagli dei mosaici rappresentante una moschea. Di Nasser Rabbat, da Archnet ([url="http://archnet.org/library/images/one-image.jsp?location_id=8854&image_id=41111"]ISY0543[/url]).', 'archnet.ISY0543.jpg', '/home/chiara/gianozia/web/media/images/archnet.ISY0543.jpg');
INSERT INTO gianozia_pages_image (id, name, description, alternate, path) VALUES (40, 'archnet.ISY0544.jpg', 'Damasco. Moschea degli Omayyadi (705-715). Dettagli dei mosaici con rappresentazione del fiume Barada e dei palazzi Omayyadi con karma vines. Di Nasser Rabbat, da Archnet ([url="http://archnet.org/library/images/one-image.jsp?location_id=8854&image_id=41112"]ISY0544[/url]).', 'archnet.ISY0544.jpg', '/home/chiara/gianozia/web/media/images/archnet.ISY0544.jpg');
INSERT INTO gianozia_pages_image (id, name, description, alternate, path) VALUES (41, 'archnet.ISY0580.jpg', 'Qasr al-Hayr al-Gharbi (724-727). Pianta. Di Oleg Grabar, Fine Arts Library, Harvard College Library, via Archnet, ([url="http://archnet.org/library/images/one-image.jsp?location_id=9087&image_id=42636"]ISY0580[/url]).', 'archnet.ISY0580.jpg', '/home/chiara/gianozia/web/media/images/archnet.ISY0580.jpg');
INSERT INTO gianozia_pages_image (id, name, description, alternate, path) VALUES (42, 'archnet.JOR0075.jpg', 'Qusayr ''Amra (712-715). Pianta. Della zona in alto, la parte a ovest è l''ingresso con la sala di ricevimento, la parte ad est è il bagno (apodyterium D, tepidarium L e calidarium F). Di Oleg Grabar, Fine Arts Library, Harvard College Library, via Archnet ([url="http://archnet.org/library/images/one-image.jsp?location_id=5993&image_id=42635"]JOR0075[/url]).', 'archnet.JOR0075.jpg', '/home/chiara/gianozia/web/media/images/archnet.JOR0075.jpg');
INSERT INTO gianozia_pages_image (id, name, description, alternate, path) VALUES (43, 'archnet.JOR0082.jpg', 'Qasr Mshatta (743-744). Pianta. Di Oleg Grabar, da Archnet ([url="http://archnet.org/library/images/one-image.jsp?location_id=9084&image_id=106943"]JOR0082[/url]).', 'archnet.JOR0082.jpg', '/home/chiara/gianozia/web/media/images/archnet.JOR0082.jpg');
INSERT INTO gianozia_pages_image (id, name, description, alternate, path) VALUES (44, 'archnet.JOR0086.jpg', 'Qasr Mshatta (743-744). Vista dell''interno del muro, in mattoni. La parte inferiore è in pietra da taglio. Di  June Williamson, da Archnet ([url="http://archnet.org/library/images/one-image.jsp?location_id=9084&image_id=69468"]JOR0086[/url]).', 'archnet.JOR0086.jpg', '/home/chiara/gianozia/web/media/images/archnet.JOR0086.jpg');
INSERT INTO gianozia_pages_image (id, name, description, alternate, path) VALUES (45, 'bulbocapillina-piccola.png', 'bulbocapillina-piccola.png', 'bulbocapillina-piccola.png', '/home/chiara/gianozia/web/media/images/bulbocapillina-piccola.png');
INSERT INTO gianozia_pages_image (id, name, description, alternate, path) VALUES (47, 'creswell.EA.CA.2106.crop.png', 'Damasco. Moschea degli Omayyadi (705-715). Analisi di una delle griglie delle finestre. Di K.A.C. Creswell, da The Creswell Archive, Ashmolean Museum of Art and Archaeology ([url="http://creswell.ashmolean.org/archive/EA.CA.2106.html"]EA.CA.2106[/url]).', 'creswell.EA.CA.2106.crop.png', '/home/chiara/gianozia/web/media/images/creswell.EA.CA.2106.crop.png');
INSERT INTO gianozia_pages_image (id, name, description, alternate, path) VALUES (48, 'creswell.EA.CA.2155.jpg', 'Qasr al-Hayr al-Sharki (728-729). Pianta. Di K.A.C. Creswell, da The Creswell Archive, Ashmolean Museum of Art and Archaeology ([url="http://creswell.ashmolean.org/archive/EA.CA.2155.html"]EA.CA.2155[/url]).', 'creswell.EA.CA.2155.jpg', '/home/chiara/gianozia/web/media/images/creswell.EA.CA.2155.jpg');
INSERT INTO gianozia_pages_image (id, name, description, alternate, path) VALUES (26, 'archnet.IMG13450.jpg', 'Fustat, Il Cairo. Moschea di Ibn Tulun (870-879). Pianta. Di Saeed Arida, da Archnet ([url="http://archnet.org/library/images/one-image.jsp?location_id=3461&image_id=150418"]IMG13450[/url]).', 'archnet.IMG13450.jpg', '/home/chiara/gianozia/web/media/images/archnet.IMG13450.jpg');
INSERT INTO gianozia_pages_image (id, name, description, alternate, path) VALUES (52, 'creswell.EA.CA.887.crop.png', 'Damasco. Moschea degli Omayyadi (705-715). Porta tripla nel muro sud. Di K.A.C. Creswell, da The Creswell Archive, Ashmolean Museum of Art and Archaeology ([url="http://creswell.ashmolean.org/archive/EA.CA.887.html"]EA.CA.887[/url]).', 'creswell.EA.CA.887.crop.png', '/home/chiara/gianozia/web/media/images/creswell.EA.CA.887.crop.png');
INSERT INTO gianozia_pages_image (id, name, description, alternate, path) VALUES (53, 'creswell.EA.CA.888.crop.png', 'Damasco. Moschea degli Omayyadi (705-715). Prospetto del centro e dei due lati della facciata sud. Di K.A.C. Creswell, da The Creswell Archive, Ashmolean Museum of Art and Archaeology ([url="http://creswell.ashmolean.org/archive/EA.CA.888.html"]EA.CA.888[/url]).', 'creswell.EA.CA.888.crop.png', '/home/chiara/gianozia/web/media/images/creswell.EA.CA.888.crop.png');
INSERT INTO gianozia_pages_image (id, name, description, alternate, path) VALUES (54, 'cupolaroccia.IMG08442.png', 'Gerusalemme,  Cupola della  Roccia (692). Assonometria. Il disegno originale è di K.A.C Creswell, via Archnet ([url="http://archnet.org/library/images/one-image.tcl?location_id=1432&image_id=103293"]IMG08442[/url]).', 'cupolaroccia.IMG08442.png', '/home/chiara/gianozia/web/media/images/cupolaroccia.IMG08442.png');
INSERT INTO gianozia_pages_image (id, name, description, alternate, path) VALUES (55, 'edvac1.gif', 'EDVAC', 'edvac1.gif', '/home/chiara/gianozia/web/media/images/edvac1.gif');
INSERT INTO gianozia_pages_image (id, name, description, alternate, path) VALUES (56, 'eniac1548.gif', 'ENIAC', 'eniac1548.gif', '/home/chiara/gianozia/web/media/images/eniac1548.gif');
INSERT INTO gianozia_pages_image (id, name, description, alternate, path) VALUES (57, 'eniac1563.gif', '', 'eniac1563.gif', '/home/chiara/gianozia/web/media/images/eniac1563.gif');
INSERT INTO gianozia_pages_image (id, name, description, alternate, path) VALUES (58, 'eniac4023.gif', 'ENIAC', 'eniac4023.gif', '/home/chiara/gianozia/web/media/images/eniac4023.gif');
INSERT INTO gianozia_pages_image (id, name, description, alternate, path) VALUES (59, 'lemonII.jpg', '[i]Lemon II - Università di Padova, D.E.I., Laboratorio di Informatica[/i]', 'lemonII.jpg', '/home/chiara/gianozia/web/media/images/lemonII.jpg');
INSERT INTO gianozia_pages_image (id, name, description, alternate, path) VALUES (60, 'lsx3020.jpg', '[i]Olivetti LSX 3020 - Università di Padova, D.E.I., Laboratorio di Informatica[/i]', 'lsx3020.jpg', '/home/chiara/gianozia/web/media/images/lsx3020.jpg');
INSERT INTO gianozia_pages_image (id, name, description, alternate, path) VALUES (61, 'map.jpg', 'Anjar, VII sec. Pianta. Da [url="http://www.mousaler.com/anjar/ruins/"]The Umayyad Ruins of Anjar[/url]. 1. Palace. 2. Mosque. 3. Second Palace. 4. Public baths and mosques. 5. Living quarters. 6. Cardo Maximus flanked by shops. 7. Decumanus Maximus flanked by shops. 8. Tetrastyle. 9. Fortifications.', 'map.jpg', '/home/chiara/gianozia/web/media/images/map.jpg');
INSERT INTO gianozia_pages_image (id, name, description, alternate, path) VALUES (62, 'meriorentimetro.png', 'Un meriorentimetro.', 'meriorentimetro', '/home/chiara/gianozia/web/media/images/meriorentimetro.png');
INSERT INTO gianozia_pages_image (id, name, description, alternate, path) VALUES (64, 'moscheadamasco.grabarf23.png', 'Damasco, Moschea degli Omayyadi (705-715). Pianta. Disegno originale di K.A.C Creswell, via Grabar fig. 23', 'moscheadamasco.grabarf23.png', '/home/chiara/gianozia/web/media/images/moscheadamasco.grabarf23.png');
INSERT INTO gianozia_pages_image (id, name, description, alternate, path) VALUES (65, 'moscheaprofeta.alwalid.png', 'La Moschea del Profeta a Medina, pianta dopo il restauro di al-Walid.', 'moscheaprofeta.alwalid.png', '/home/chiara/gianozia/web/media/images/moscheaprofeta.alwalid.png');
INSERT INTO gianozia_pages_image (id, name, description, alternate, path) VALUES (66, 'moscheaprofeta.originale.png', 'La Moschea del Profeta a Medina, pianta originale.', 'moscheaprofeta.originale.png', '/home/chiara/gianozia/web/media/images/moscheaprofeta.originale.png');
INSERT INTO gianozia_pages_image (id, name, description, alternate, path) VALUES (67, 'palazzi.struttura.png', 'Tipica struttura di un palazzo, esito finale dell''incontro tra l''architettura romano-bizantina (Giordania) e quella sassanide (Iraq), reinterpretata secondo le nuove esigenze. Le zone abitative non hanno una collocazione ben definita, a volte sono prima, a volte sono dopo la sala del trono.', 'palazzi.struttura.png', '/home/chiara/gianozia/web/media/images/palazzi.struttura.png');
INSERT INTO gianozia_pages_image (id, name, description, alternate, path) VALUES (69, 'questier.20051221-095031_Syria_Qasr_al_Hir_al_Sharqi_2nd-palace.med.jpg', 'Qasr al-Hayr al-Sharki (728-729). Recinto piccolo. Da [url="http://questier.com/"]Frederik Questier[/url].', 'questier.20051221-095031_Syria_Qasr_al_Hir_al_Sharqi_2nd-palace.med.jpg', '/home/chiara/gianozia/web/media/images/questier.20051221-095031_Syria_Qasr_al_Hir_al_Sharqi_2nd-palace.med.jpg');
INSERT INTO gianozia_pages_image (id, name, description, alternate, path) VALUES (70, 'questier.20051221-095214_Syria_Qasr_al_Hir_al_Sharqi_Caliph_Palace.med.jpg', 'Qasr al-Hayr al-Sharki (728-729). Recinto grande. Esterno. Il muro è di pietra e mattoni (tradizione romana). Le due nicche con doppia colonnina invece sono iraniche. La decorazione in alto è fatta in mattoni cotti tagliati. Da [url="http://questier.com/"]Frederik Questier[/url].', 'questier.20051221-095214_Syria_Qasr_al_Hir_al_Sharqi_Caliph_Palace.med.jpg', '/home/chiara/gianozia/web/media/images/questier.20051221-095214_Syria_Qasr_al_Hir_al_Sharqi_Caliph_Palace.med.jpg');
INSERT INTO gianozia_pages_image (id, name, description, alternate, path) VALUES (71, 'questier.20051221-100747_Syria_Qasr_al_Hir_al_Sharqi_Caliph_Palace.med.jpg', 'Qasr al-Hayr al-Sharki (728-729). Recinto grande. Interno. Da [url="http://questier.com/"]Frederik Questier[/url].', 'questier.20051221-100747_Syria_Qasr_al_Hir_al_Sharqi_Caliph_Palace.med.jpg', '/home/chiara/gianozia/web/media/images/questier.20051221-100747_Syria_Qasr_al_Hir_al_Sharqi_Caliph_Palace.med.jpg');
INSERT INTO gianozia_pages_image (id, name, description, alternate, path) VALUES (72, 'questier.20051225-094423_Jordan_Qasr_al_Kharaneh.jpg', 'Qasr Kharane (710). Vista. L''ingresso non ha colonne complete. Da [url="http://questier.com/"]Frederik Questier[/url]', 'questier.20051225-094423_Jordan_Qasr_al_Kharaneh.jpg', '/home/chiara/gianozia/web/media/images/questier.20051225-094423_Jordan_Qasr_al_Kharaneh.jpg');
INSERT INTO gianozia_pages_image (id, name, description, alternate, path) VALUES (73, 'questier.20051225-094521_Jordan_Qasr_al_Kharaneh.jpg', 'Qasr Kharane (710). Ingresso, con dettaglio sul decoro a pseudo-vegetali astratti e sulla cornice di mattoni a spina di pesce. Da [url="http://questier.com/"]Frederik Questier[/url]', 'questier.20051225-094521_Jordan_Qasr_al_Kharaneh.jpg', '/home/chiara/gianozia/web/media/images/questier.20051225-094521_Jordan_Qasr_al_Kharaneh.jpg');
INSERT INTO gianozia_pages_image (id, name, description, alternate, path) VALUES (74, 'questier.20051225-100731_Jordan_Qasr_al_Kharaneh.jpg', 'Qasr Kharane (710). Interno. L''arco all''interno della cupola è solo decorativo, per nascondere il punto di appoggio. Anche le colonnette sono in stucco. La volta è realizzata con una colata di pietre spaccate e poi malta su centine. Da [url="http://questier.com/"]Frederik Questier[/url]', 'questier.20051225-100731_Jordan_Qasr_al_Kharaneh.jpg', '/home/chiara/gianozia/web/media/images/questier.20051225-100731_Jordan_Qasr_al_Kharaneh.jpg');
INSERT INTO gianozia_pages_image (id, name, description, alternate, path) VALUES (75, 'questier.20051225-103355_Jordan_Qasr_Amra.med.jpg', 'Qusayr ''Amra (712-715). Vista. Da [url="http://questier.com/"]Frederik Questier[/url].', 'questier.20051225-103355_Jordan_Qasr_Amra.med.jpg', '/home/chiara/gianozia/web/media/images/questier.20051225-103355_Jordan_Qasr_Amra.med.jpg');
INSERT INTO gianozia_pages_image (id, name, description, alternate, path) VALUES (50, 'creswell.EA.CA.882.crop.png', 'Damasco. Moschea degli Omayyadi (705-715). Prospetto del centro e dei due lati a nord ossia la facciata sulla grande corte. Di K.A.C. Creswell, da The Creswell Archive, Ashmolean Museum of Art and Archaeology ([url="http://creswell.ashmolean.org/archive/EA.CA.882.html"]EA.CA.882[/url]).', 'creswell.EA.CA.882.crop.png', '/home/chiara/gianozia/web/media/images/creswell.EA.CA.882.crop.png');
INSERT INTO gianozia_pages_image (id, name, description, alternate, path) VALUES (79, 'ssec.gif', 'SSEC', 'ssec.gif', '/home/chiara/gianozia/web/media/images/ssec.gif');
INSERT INTO gianozia_pages_image (id, name, description, alternate, path) VALUES (80, 't1.png', 'Sala ipostila a T di primo tipo: le navate sono tutte perpendicolari alla qibla, ma una è più   grande delle altre (Aqsa, [iurl="DSCArcheologiaIslamMoscheaProfeta"]Medina[/iurl], Cordoba)', 't1.png', '/home/chiara/gianozia/web/media/images/t1.png');
INSERT INTO gianozia_pages_image (id, name, description, alternate, path) VALUES (81, 't2.png', 'Sala ipostila a T di secondo tipo: le navate sono parallele alla qibla, tranne una che le interseca perpendicolarmente, detta navata assiale ([iurl="DSCArcheologiaIslamMoscheaDamasco"]Damasco[/iurl],  Aleppo,  [iurl="DSCArcheologiaIslamQusurHayrSharki"]Qasr al-Hayr al-Sharki[/iurl])', 't2.png', '/home/chiara/gianozia/web/media/images/t2.png');
INSERT INTO gianozia_pages_image (id, name, description, alternate, path) VALUES (84, 'turchi.png', 'Distribuzione delle lingue turche', 'turchi.png', '/home/chiara/gianozia/web/media/images/turchi.png');
INSERT INTO gianozia_pages_image (id, name, description, alternate, path) VALUES (85, 'univac.gif', 'UNIVAC', 'univac.gif', '/home/chiara/gianozia/web/media/images/univac.gif');
INSERT INTO gianozia_pages_image (id, name, description, alternate, path) VALUES (25, 'archnet.IMG08443.jpg', 'Gerusalemme,  Cupola della  Roccia (692). Prospetto. Di K.A.C Creswell, via Archnet ([url="http://archnet.org/library/images/one-image.tcl?location_id=1432&image_id=103294"]IMG08443[/url]).', 'archnet.IMG08443.jpg', '/home/chiara/gianozia/web/media/images/archnet.IMG08443.jpg');
INSERT INTO gianozia_pages_image (id, name, description, alternate, path) VALUES (27, 'archnet.IMG13452.jpg', 'Qasr Kharane (710). Pianta del primo piano. Di Saeed Arida, da Archnet ([url="http://archnet.org/library/images/one-image.jsp?location_id=9087&image_id=150420"]IMG13452[/url]).', 'archnet.IMG13452.jpg', '/home/chiara/gianozia/web/media/images/archnet.IMG13452.jpg');
INSERT INTO gianozia_pages_image (id, name, description, alternate, path) VALUES (29, 'archnet.IMG13458.jpg', 'Qasr al-Hayr al-Sharki (728-729). Pianta dell''edificio grande. In basso a destra (nord-est) c''è la moschea (ipostila di tipo 2). Le unità abitative sono su due piani con corte centrale porticata. Le quattro strade non si incontrano al centro, ma c''è una grande corte interna. Di Saeed Arida, da Archnet ([url="http://archnet.org/library/images/one-image.jsp?location_id=9086&image_id=150426"]IMG13485[/url]).', 'archnet.IMG13458.jpg', '/home/chiara/gianozia/web/media/images/archnet.IMG13458.jpg');
INSERT INTO gianozia_pages_image (id, name, description, alternate, path) VALUES (46, 'creswell.EA.CA.2104.crop.png', 'Damasco. Moschea degli Omayyadi (705-715). Analisi di una delle griglie delle finestre. Di K.A.C. Creswell, da The Creswell Archive, Ashmolean Museum of Art and Archaeology ([url="http://creswell.ashmolean.org/archive/EA.CA.2104.html"]EA.CA.2104[/url]).', 'creswell.EA.CA.2104.crop.png', '/home/chiara/gianozia/web/media/images/creswell.EA.CA.2104.crop.png');
INSERT INTO gianozia_pages_image (id, name, description, alternate, path) VALUES (49, 'creswell.EA.CA.2199.crop.png', 'Fustat, Il Cairo. Moschea di Ibn Tulun (870-879). Prospetti. Di K.A.C. Creswell, da The Creswell Archive, Ashmolean Museum of Art and Archaeology ([url="http://creswell.ashmolean.org/archive/EA.CA.2199.html"]EA.CA.2199[/url]).', 'creswell.EA.CA.2199.crop.png', '/home/chiara/gianozia/web/media/images/creswell.EA.CA.2199.crop.png');
INSERT INTO gianozia_pages_image (id, name, description, alternate, path) VALUES (51, 'creswell.EA.CA.883.crop.png', 'Damasco. Moschea degli Omayyadi (705-715). Sezione attraverso la navata est e le ali e la corte guardando a ovest. Di K.A.C. Creswell, da The Creswell Archive, Ashmolean Museum of Art and Archaeology ([url="http://creswell.ashmolean.org/archive/EA.CA.883.html"]EA.CA.883[/url]).', 'creswell.EA.CA.883.crop.png', '/home/chiara/gianozia/web/media/images/creswell.EA.CA.883.crop.png');
INSERT INTO gianozia_pages_image (id, name, description, alternate, path) VALUES (63, 'mitopencourseware-5024.jpg', 'Assonometria della Moschea del Profeta a Medina (after Creswell). Da [url="http://ocw.mit.edu/OcwWeb/Architecture/4-614Religious-Architecture-and-Islamic-CulturesFall2002/CourseHome/index.htm"]MIT OpenCourseWare - 4.614 Religious Architecture and Islamic Cultures - Fall 2002[/url].', 'mitopencourseware-5024.jpg', '/home/chiara/gianozia/web/media/images/mitopencourseware-5024.jpg');
INSERT INTO gianozia_pages_image (id, name, description, alternate, path) VALUES (68, 'questier.20051219-090358_Syria_Damascus_National_museum_Qasr_al-Hayr_al-Gharbi_f.jpeg', 'Qasr al-Hayr al-Gharbi (724-727). La facciata, ora ingresso del museo nazionale di Damasco. Ha un arco di scarico sulla facciata e decorazioni a stucco. I merli a dente di sega sono simili a quelli del palazzo Omayyade di Amman. Da [url="http://questier.com/"]Frederik Questier[/url].', 'questier.20051219-090358_Syria_Damascus_National_museum_Qasr_al-Hayr_al-Gharbi_f.jpeg', '/home/chiara/gianozia/web/media/images/questier.20051219-090358_Syria_Damascus_National_museum_Qasr_al-Hayr_al-Gharbi_f.jpeg');
INSERT INTO gianozia_pages_image (id, name, description, alternate, path) VALUES (76, 'questier.20051225-105740_Jordan_Qasr_Amra_Hydraulic_System.jpg', 'Qusayr ''Amra (712-715). Dettaglio del sistema idraulico. Da [url="http://questier.com/"]Frederik Questier[/url].', 'questier.20051225-105740_Jordan_Qasr_Amra_Hydraulic_System.jpg', '/home/chiara/gianozia/web/media/images/questier.20051225-105740_Jordan_Qasr_Amra_Hydraulic_System.jpg');
INSERT INTO gianozia_pages_image (id, name, description, alternate, path) VALUES (77, 'scutum_teoduberti_piccolo.png', 'scutum_teoduberti_piccolo.png', 'scutum_teoduberti_piccolo.png', '/home/chiara/gianozia/web/media/images/scutum_teoduberti_piccolo.png');
INSERT INTO gianozia_pages_image (id, name, description, alternate, path) VALUES (78, 'snova.jpg', '[/i]Scheda di un Nova - Paolo Cavalletto, Collezione Privata[/i]', 'snova.jpg', '/home/chiara/gianozia/web/media/images/snova.jpg');
INSERT INTO gianozia_pages_image (id, name, description, alternate, path) VALUES (82, 't3.png', 'Sala ipostila a T di terzo tipo: le navate sono parallele alla qibla, tranne una che le interseca perpendicolarmente; di quelle parallele, la più vicina alla qibla è più grande e ha una cupola allintersezione con la navata assiale (di Abu Dulaf a [iurl="DSCArcheologiaIslamCittaAbbassidiSamarra"]Samarra[/iurl], [iurl="DSCArcheologiaIslamMoscheaKairawan"]Qairawan[/iurl])', 't3.png', '/home/chiara/gianozia/web/media/images/t3.png');
INSERT INTO gianozia_pages_image (id, name, description, alternate, path) VALUES (83, 't5625.jpg', '[i]Terminale AT&T 5625 - Università di Padova, D.E.I., Laboratorio di Informatica[/i]', 't5625.jpg', '/home/chiara/gianozia/web/media/images/t5625.jpg');
INSERT INTO gianozia_pages_image (id, name, description, alternate, path) VALUES (3, 'DamgaardFig2.jpg', 'Jerash (630-650). Plan of Jarash including the presumed principal features of the early Islamic town. Legend: 1) Umayyad mosque; 2) Possible Islamic administrative centre; 3) Umayyad ''House'' as excavated by the Polish mission - potential market area (suq); 4) South tetrakonia - built over; 5) Macellum & Southern Cardo; 6) Oval Piazza - domestic quarter; 7) Zeus temple forecourt - potential industrial area; 8) Hippodrome and Bishop Marianos church; 9) SS Peter and Paul church; 10) Churches of SS Cosmas and Damianus, St George and St John the Baptist; 11) Christian complex of two churches, a bath and housing all occupied under the Umayyads/Abbasids; 12) Artemis compound - Islamic ceramic production; 13) Synagogue church; 14) North Theatre - industrial area with large kilns; 15) Naghawi''s ''Umayyad mosque'' discovered in 1981; 16) Central cardo with blacksmith''s shop. (Copyright © Alan Walmsley/IJP), da [url="http://www.assemblage.group.shef.ac.uk/issue8/damgaardandblanke.html"]The Islamic Jarash Project: A Preliminary Report on the First Two Seasons of Fieldwork[/url].', 'DamgaardFig2.jpg', '/home/chiara/gianozia/web/media/images/DamgaardFig2.jpg');
INSERT INTO gianozia_pages_image (id, name, description, alternate, path) VALUES (5, 'Mschatta-Fassade_Pergamonmuseum.jpg', 'Qasr Mshatta (743-744). Parte della facciata conservata al Pergamon Museum a Berlino  © Raimond Spekking / Wikimedia Commons / CC-BY-SA-3.0 & GFDL ([url="http://commons.wikimedia.org/wiki/Image:Mschatta-Fassade_%28Pergamonmuseum%29.jpg"]Image:Mschatta-Fassade (Pergamonmuseum).jpg[/url]).', 'Mschatta-Fassade_Pergamonmuseum.jpg', '/home/chiara/gianozia/web/media/images/Mschatta-Fassade_Pergamonmuseum.jpg');
INSERT INTO gianozia_pages_image (id, name, description, alternate, path) VALUES (89, 'omayyadi-abbassidi.png', 'Principali centri Omayyadi e Abbassidi', 'Principali centri Omayyadi e Abbassidi', '/home/chiara/gianozia/web/media//images/archeo.png');


--
-- Name: gianozia_pages_image_id_seq; Type: SEQUENCE SET; Schema: public; Owner: gianozia
--

SELECT pg_catalog.setval('gianozia_pages_image_id_seq', 89, true);


--
-- Data for Name: gianozia_pages_menu; Type: TABLE DATA; Schema: public; Owner: gianozia
--

INSERT INTO gianozia_pages_menu (id, name) VALUES (2, 'IncludedNavBase');
INSERT INTO gianozia_pages_menu (id, name) VALUES (3, 'IncludedNavBiblio');
INSERT INTO gianozia_pages_menu (id, name) VALUES (4, 'IncludedNavUnikant');
INSERT INTO gianozia_pages_menu (id, name) VALUES (5, 'Archeologia e arte islamica');


SELECT pg_catalog.setval('gianozia_pages_menu_id_seq', 5, true);


--
-- Data for Name: gianozia_pages_menuobject; Type: TABLE DATA; Schema: public; Owner: gianozia
--

INSERT INTO gianozia_pages_menuobject (id, pos, parent_id, content_type_id) VALUES (88, 17, 5, 27);
INSERT INTO gianozia_pages_menuobject (id, pos, parent_id, content_type_id) VALUES (89, 18, 5, 23);
INSERT INTO gianozia_pages_menuobject (id, pos, parent_id, content_type_id) VALUES (90, 23, 5, 27);
INSERT INTO gianozia_pages_menuobject (id, pos, parent_id, content_type_id) VALUES (91, 30, 5, 27);
INSERT INTO gianozia_pages_menuobject (id, pos, parent_id, content_type_id) VALUES (61, 4, 5, 26);
INSERT INTO gianozia_pages_menuobject (id, pos, parent_id, content_type_id) VALUES (76, 5, 5, 26);
INSERT INTO gianozia_pages_menuobject (id, pos, parent_id, content_type_id) VALUES (77, 6, 5, 26);
INSERT INTO gianozia_pages_menuobject (id, pos, parent_id, content_type_id) VALUES (79, 7, 5, 26);
INSERT INTO gianozia_pages_menuobject (id, pos, parent_id, content_type_id) VALUES (62, 9, 5, 26);
INSERT INTO gianozia_pages_menuobject (id, pos, parent_id, content_type_id) VALUES (85, 11, 5, 26);
INSERT INTO gianozia_pages_menuobject (id, pos, parent_id, content_type_id) VALUES (82, 12, 5, 26);
INSERT INTO gianozia_pages_menuobject (id, pos, parent_id, content_type_id) VALUES (83, 13, 5, 26);
INSERT INTO gianozia_pages_menuobject (id, pos, parent_id, content_type_id) VALUES (84, 14, 5, 26);
INSERT INTO gianozia_pages_menuobject (id, pos, parent_id, content_type_id) VALUES (86, 15, 5, 26);
INSERT INTO gianozia_pages_menuobject (id, pos, parent_id, content_type_id) VALUES (87, 16, 5, 26);
INSERT INTO gianozia_pages_menuobject (id, pos, parent_id, content_type_id) VALUES (22, 1, 2, 23);
INSERT INTO gianozia_pages_menuobject (id, pos, parent_id, content_type_id) VALUES (23, 2, 2, 22);
INSERT INTO gianozia_pages_menuobject (id, pos, parent_id, content_type_id) VALUES (24, 3, 2, 22);
INSERT INTO gianozia_pages_menuobject (id, pos, parent_id, content_type_id) VALUES (25, 4, 2, 22);
INSERT INTO gianozia_pages_menuobject (id, pos, parent_id, content_type_id) VALUES (26, 5, 2, 22);
INSERT INTO gianozia_pages_menuobject (id, pos, parent_id, content_type_id) VALUES (27, 6, 2, 22);
INSERT INTO gianozia_pages_menuobject (id, pos, parent_id, content_type_id) VALUES (28, 7, 2, 22);
INSERT INTO gianozia_pages_menuobject (id, pos, parent_id, content_type_id) VALUES (29, 8, 2, 22);
INSERT INTO gianozia_pages_menuobject (id, pos, parent_id, content_type_id) VALUES (30, 9, 2, 22);
INSERT INTO gianozia_pages_menuobject (id, pos, parent_id, content_type_id) VALUES (31, 10, 2, 22);
INSERT INTO gianozia_pages_menuobject (id, pos, parent_id, content_type_id) VALUES (32, 2, 3, 23);
INSERT INTO gianozia_pages_menuobject (id, pos, parent_id, content_type_id) VALUES (33, 3, 3, 22);
INSERT INTO gianozia_pages_menuobject (id, pos, parent_id, content_type_id) VALUES (34, 4, 3, 22);
INSERT INTO gianozia_pages_menuobject (id, pos, parent_id, content_type_id) VALUES (35, 5, 3, 22);
INSERT INTO gianozia_pages_menuobject (id, pos, parent_id, content_type_id) VALUES (36, 6, 3, 22);
INSERT INTO gianozia_pages_menuobject (id, pos, parent_id, content_type_id) VALUES (37, 7, 3, 22);
INSERT INTO gianozia_pages_menuobject (id, pos, parent_id, content_type_id) VALUES (38, 8, 3, 22);
INSERT INTO gianozia_pages_menuobject (id, pos, parent_id, content_type_id) VALUES (39, 9, 3, 22);
INSERT INTO gianozia_pages_menuobject (id, pos, parent_id, content_type_id) VALUES (40, 10, 3, 22);
INSERT INTO gianozia_pages_menuobject (id, pos, parent_id, content_type_id) VALUES (41, 2, 4, 23);
INSERT INTO gianozia_pages_menuobject (id, pos, parent_id, content_type_id) VALUES (42, 3, 4, 22);
INSERT INTO gianozia_pages_menuobject (id, pos, parent_id, content_type_id) VALUES (43, 4, 4, 22);
INSERT INTO gianozia_pages_menuobject (id, pos, parent_id, content_type_id) VALUES (44, 5, 4, 22);
INSERT INTO gianozia_pages_menuobject (id, pos, parent_id, content_type_id) VALUES (45, 6, 4, 23);
INSERT INTO gianozia_pages_menuobject (id, pos, parent_id, content_type_id) VALUES (46, 7, 4, 22);
INSERT INTO gianozia_pages_menuobject (id, pos, parent_id, content_type_id) VALUES (47, 8, 4, 22);
INSERT INTO gianozia_pages_menuobject (id, pos, parent_id, content_type_id) VALUES (48, 9, 4, 23);
INSERT INTO gianozia_pages_menuobject (id, pos, parent_id, content_type_id) VALUES (49, 10, 4, 22);
INSERT INTO gianozia_pages_menuobject (id, pos, parent_id, content_type_id) VALUES (50, 11, 4, 22);
INSERT INTO gianozia_pages_menuobject (id, pos, parent_id, content_type_id) VALUES (51, 12, 4, 22);
INSERT INTO gianozia_pages_menuobject (id, pos, parent_id, content_type_id) VALUES (52, 13, 4, 22);
INSERT INTO gianozia_pages_menuobject (id, pos, parent_id, content_type_id) VALUES (53, 14, 4, 22);
INSERT INTO gianozia_pages_menuobject (id, pos, parent_id, content_type_id) VALUES (54, 15, 4, 23);
INSERT INTO gianozia_pages_menuobject (id, pos, parent_id, content_type_id) VALUES (55, 16, 4, 22);
INSERT INTO gianozia_pages_menuobject (id, pos, parent_id, content_type_id) VALUES (56, 17, 4, 22);
INSERT INTO gianozia_pages_menuobject (id, pos, parent_id, content_type_id) VALUES (57, 18, 4, 23);
INSERT INTO gianozia_pages_menuobject (id, pos, parent_id, content_type_id) VALUES (58, 19, 4, 22);
INSERT INTO gianozia_pages_menuobject (id, pos, parent_id, content_type_id) VALUES (59, 20, 4, 22);
INSERT INTO gianozia_pages_menuobject (id, pos, parent_id, content_type_id) VALUES (60, 1, 5, 27);
INSERT INTO gianozia_pages_menuobject (id, pos, parent_id, content_type_id) VALUES (75, 19, 5, 26);
INSERT INTO gianozia_pages_menuobject (id, pos, parent_id, content_type_id) VALUES (73, 20, 5, 26);
INSERT INTO gianozia_pages_menuobject (id, pos, parent_id, content_type_id) VALUES (72, 21, 5, 26);
INSERT INTO gianozia_pages_menuobject (id, pos, parent_id, content_type_id) VALUES (71, 22, 5, 26);
INSERT INTO gianozia_pages_menuobject (id, pos, parent_id, content_type_id) VALUES (70, 24, 5, 26);
INSERT INTO gianozia_pages_menuobject (id, pos, parent_id, content_type_id) VALUES (67, 25, 5, 26);
INSERT INTO gianozia_pages_menuobject (id, pos, parent_id, content_type_id) VALUES (68, 26, 5, 26);
INSERT INTO gianozia_pages_menuobject (id, pos, parent_id, content_type_id) VALUES (69, 27, 5, 26);
INSERT INTO gianozia_pages_menuobject (id, pos, parent_id, content_type_id) VALUES (74, 2, 5, 26);
INSERT INTO gianozia_pages_menuobject (id, pos, parent_id, content_type_id) VALUES (78, 3, 5, 27);
INSERT INTO gianozia_pages_menuobject (id, pos, parent_id, content_type_id) VALUES (80, 8, 5, 27);
INSERT INTO gianozia_pages_menuobject (id, pos, parent_id, content_type_id) VALUES (81, 10, 5, 27);

SELECT pg_catalog.setval('gianozia_pages_menuobject_id_seq', 91, true);

--
-- Data for Name: gianozia_pages_menuitem; Type: TABLE DATA; Schema: public; Owner: gianozia
--

INSERT INTO gianozia_pages_menuitem (menuobject_ptr_id, text, url, level) VALUES (23, 'Home', 'Home', 0);
INSERT INTO gianozia_pages_menuitem (menuobject_ptr_id, text, url, level) VALUES (24, 'Università I. Kant', 'HomeUnikant', 0);
INSERT INTO gianozia_pages_menuitem (menuobject_ptr_id, text, url, level) VALUES (25, 'Lingue', 'LingueGianozia', 0);
INSERT INTO gianozia_pages_menuitem (menuobject_ptr_id, text, url, level) VALUES (26, 'Storia', 'StoriaGianozia', 0);
INSERT INTO gianozia_pages_menuitem (menuobject_ptr_id, text, url, level) VALUES (27, 'Geografia', 'GeografiaGianozia', 0);
INSERT INTO gianozia_pages_menuitem (menuobject_ptr_id, text, url, level) VALUES (28, 'Archivi KGBaol', 'ArchiviKGBaol', 0);
INSERT INTO gianozia_pages_menuitem (menuobject_ptr_id, text, url, level) VALUES (29, 'Cucina Gianoziana', 'http://cucina.gianoziaorientale.org', 0);
INSERT INTO gianozia_pages_menuitem (menuobject_ptr_id, text, url, level) VALUES (30, 'Biblioteca', 'Biblioteca', 0);
INSERT INTO gianozia_pages_menuitem (menuobject_ptr_id, text, url, level) VALUES (31, 'Libri', 'http://libri.gianoziaorientale.org', 0);
INSERT INTO gianozia_pages_menuitem (menuobject_ptr_id, text, url, level) VALUES (33, 'Home', 'Biblioteca', 0);
INSERT INTO gianozia_pages_menuitem (menuobject_ptr_id, text, url, level) VALUES (34, 'Tavole Numeriche', 'BiblioTavoleNumeriche', 0);
INSERT INTO gianozia_pages_menuitem (menuobject_ptr_id, text, url, level) VALUES (35, 'Sitografia sull''Algeria', 'DSCAlgeriaSiti', 0);
INSERT INTO gianozia_pages_menuitem (menuobject_ptr_id, text, url, level) VALUES (36, 'Pesi e misure', 'DSCPesiMisure', 0);
INSERT INTO gianozia_pages_menuitem (menuobject_ptr_id, text, url, level) VALUES (37, 'Iconografia per la storia ottomana', 'DSCOttomanaIconografia', 0);
INSERT INTO gianozia_pages_menuitem (menuobject_ptr_id, text, url, level) VALUES (38, 'Archeologia e arte islamica', 'DSCArcheologiaIslam', 0);
INSERT INTO gianozia_pages_menuitem (menuobject_ptr_id, text, url, level) VALUES (39, 'Alla ricerca del computer perduto', 'DSCPinguinoIJ', 0);
INSERT INTO gianozia_pages_menuitem (menuobject_ptr_id, text, url, level) VALUES (40, 'Narrativa Gianoziana', 'Racconti', 0);
INSERT INTO gianozia_pages_menuitem (menuobject_ptr_id, text, url, level) VALUES (42, 'Vita di Corofrasto', 'DSCCorofrastoVita', 0);
INSERT INTO gianozia_pages_menuitem (menuobject_ptr_id, text, url, level) VALUES (43, 'Opere di Corofrasto', 'DscCorofrastoOpere', 0);
INSERT INTO gianozia_pages_menuitem (menuobject_ptr_id, text, url, level) VALUES (44, 'Le ricette di San Corofrasto', 'DSCRicette', 0);
INSERT INTO gianozia_pages_menuitem (menuobject_ptr_id, text, url, level) VALUES (46, 'Turco', 'DSCTurco', 0);
INSERT INTO gianozia_pages_menuitem (menuobject_ptr_id, text, url, level) VALUES (47, 'Arabo', 'DSCArabo', 0);
INSERT INTO gianozia_pages_menuitem (menuobject_ptr_id, text, url, level) VALUES (49, 'Il Pinguino alla ricerca del computer perduto', 'DSCPinguinoIJ', 0);
INSERT INTO gianozia_pages_menuitem (menuobject_ptr_id, text, url, level) VALUES (50, 'Archeologia e arte islamica', 'DSCArcheologiaIslam', 0);
INSERT INTO gianozia_pages_menuitem (menuobject_ptr_id, text, url, level) VALUES (51, 'Sitografia sull''Algeria', 'DSCAlgeriaSiti', 0);
INSERT INTO gianozia_pages_menuitem (menuobject_ptr_id, text, url, level) VALUES (52, 'Pesi e misure', 'DSCPesiMisure', 0);
INSERT INTO gianozia_pages_menuitem (menuobject_ptr_id, text, url, level) VALUES (53, 'Iconografia per la storia ottomana', 'DSCOttomanaIconografia', 0);
INSERT INTO gianozia_pages_menuitem (menuobject_ptr_id, text, url, level) VALUES (55, 'Introduzione all''uso di Emacs', 'DEIEmacs', 0);
INSERT INTO gianozia_pages_menuitem (menuobject_ptr_id, text, url, level) VALUES (56, 'Pre-tutorial di Emacs', 'DEIEmacsTutorial', 0);
INSERT INTO gianozia_pages_menuitem (menuobject_ptr_id, text, url, level) VALUES (58, 'Free Software. Le quattro libertà', 'DiniSWLNonInformatici1', 0);
INSERT INTO gianozia_pages_menuitem (menuobject_ptr_id, text, url, level) VALUES (59, 'Free Software. Uno strumento migliore', 'DiniSWLNonInformatici2', 0);

--
-- Data for Name: gianozia_pages_menusubmenurelation; Type: TABLE DATA; Schema: public; Owner: gianozia
--

INSERT INTO gianozia_pages_menusubmenurelation (id, pos, parent_id, child_id) VALUES (2, 1, 3, 2);
INSERT INTO gianozia_pages_menusubmenurelation (id, pos, parent_id, child_id) VALUES (3, 1, 4, 2);
INSERT INTO gianozia_pages_menusubmenurelation (id, pos, parent_id, child_id) VALUES (4, 0, 5, 2);

SELECT pg_catalog.setval('gianozia_pages_menusubmenurelation_id_seq', 4, true);


--
-- Data for Name: gianozia_pages_menutitle; Type: TABLE DATA; Schema: public; Owner: gianozia
--

INSERT INTO gianozia_pages_menutitle (menuobject_ptr_id, level, text, url) VALUES (22, 1, 'La Gianozia', '');
INSERT INTO gianozia_pages_menutitle (menuobject_ptr_id, level, text, url) VALUES (32, 1, 'Biblioteca', '');
INSERT INTO gianozia_pages_menutitle (menuobject_ptr_id, level, text, url) VALUES (41, 1, 'Dip. di Studi Corofrastiani', '');
INSERT INTO gianozia_pages_menutitle (menuobject_ptr_id, level, text, url) VALUES (45, 2, 'Sezione di lingue', '');
INSERT INTO gianozia_pages_menutitle (menuobject_ptr_id, level, text, url) VALUES (48, 2, 'Sezione di storia', '');
INSERT INTO gianozia_pages_menutitle (menuobject_ptr_id, level, text, url) VALUES (54, 1, 'Dip. di Elettronica e Informatica', '');
INSERT INTO gianozia_pages_menutitle (menuobject_ptr_id, level, text, url) VALUES (57, 1, 'Dip. di Informatica per Non Informatici', '');
INSERT INTO gianozia_pages_menutitle (menuobject_ptr_id, level, text, url) VALUES (89, 3, 'Le città Omayyadi', '');

--
-- Data for Name: gianozia_pages_page; Type: TABLE DATA; Schema: public; Owner: gianozia
--

INSERT INTO gianozia_pages_page (id, current_id, name, title, has_toc) VALUES (30, 30, 'DSCArcheologiaIslamMoscheaProfeta', 'La Moschea del Profeta a Medina', false);
INSERT INTO gianozia_pages_page (id, current_id, name, title, has_toc) VALUES (12, 73, 'DSCArcheologiaIslam', 'Archeologia e arte islamica', false);
INSERT INTO gianozia_pages_page (id, current_id, name, title, has_toc) VALUES (13, 13, 'DSCArcheologiaIslamAmman', 'Palazzo degli Omayyadi ad Amman', true);
INSERT INTO gianozia_pages_page (id, current_id, name, title, has_toc) VALUES (72, 72, 'bulbocapillina', 'BBCPLN39-NNPLT', false);
INSERT INTO gianozia_pages_page (id, current_id, name, title, has_toc) VALUES (71, 71, 'StoriaGianozia', 'Cenni storici sulla Gianozia Orientale', false);
INSERT INTO gianozia_pages_page (id, current_id, name, title, has_toc) VALUES (66, 66, 'GeografiaGianozia', 'Cenni geografici sulla Gianozia Orientale', false);
INSERT INTO gianozia_pages_page (id, current_id, name, title, has_toc) VALUES (68, 68, 'License', 'Copyright or better Copyleft', false);
INSERT INTO gianozia_pages_page (id, current_id, name, title, has_toc) VALUES (2, 3, 'ArchiviKGBaol', 'KGBaol', false);
INSERT INTO gianozia_pages_page (id, current_id, name, title, has_toc) VALUES (3, 1, 'BiblioTavoleNumeriche', 'Libri', false);
INSERT INTO gianozia_pages_page (id, current_id, name, title, has_toc) VALUES (4, 4, 'Biblioteca', 'La Biblioteca di Gianozia', false);
INSERT INTO gianozia_pages_page (id, current_id, name, title, has_toc) VALUES (5, 5, 'DEIEmacs', 'Introduzione all''uso di Emacs', true);
INSERT INTO gianozia_pages_page (id, current_id, name, title, has_toc) VALUES (6, 6, 'DEIEmacsTutorial', 'Il pre-tutorial di Emacs', false);
INSERT INTO gianozia_pages_page (id, current_id, name, title, has_toc) VALUES (7, 7, 'DEIHoax', 'Gli Hoax', false);
INSERT INTO gianozia_pages_page (id, current_id, name, title, has_toc) VALUES (70, 70, 'Ludoteca', 'La ludoteca di Gianozia', false);
INSERT INTO gianozia_pages_page (id, current_id, name, title, has_toc) VALUES (1, 2, 'Algor', 'Il falco non è un pezzo degli scacchi', false);
INSERT INTO gianozia_pages_page (id, current_id, name, title, has_toc) VALUES (8, 8, 'DEIHowToSoekris', 'Installazione di una Soekris', false);
INSERT INTO gianozia_pages_page (id, current_id, name, title, has_toc) VALUES (9, 9, 'DSCAlgeriaSiti', 'Sitografia sull''Algeria', true);
INSERT INTO gianozia_pages_page (id, current_id, name, title, has_toc) VALUES (10, 10, 'DSCArabo', 'Arabo', false);
INSERT INTO gianozia_pages_page (id, current_id, name, title, has_toc) VALUES (11, 11, 'DSCArcheologiaCeramica', 'La produzione della ceramica', false);
INSERT INTO gianozia_pages_page (id, current_id, name, title, has_toc) VALUES (14, 14, 'DSCArcheologiaIslamBibliografia', 'Archeologia Islamica - Bibliografia', false);
INSERT INTO gianozia_pages_page (id, current_id, name, title, has_toc) VALUES (15, 15, 'DSCArcheologiaIslamCitta', 'La città', false);
INSERT INTO gianozia_pages_page (id, current_id, name, title, has_toc) VALUES (16, 16, 'DSCArcheologiaIslamCittaAbbassidi', 'Le città abbassidi', false);
INSERT INTO gianozia_pages_page (id, current_id, name, title, has_toc) VALUES (17, 17, 'DSCArcheologiaIslamCittaAbbassidiBaghdad', 'Baghdad', false);
INSERT INTO gianozia_pages_page (id, current_id, name, title, has_toc) VALUES (18, 18, 'DSCArcheologiaIslamCittaAbbassidiRaqqa', 'Raqqa - al-Rafika', false);
INSERT INTO gianozia_pages_page (id, current_id, name, title, has_toc) VALUES (19, 19, 'DSCArcheologiaIslamCittaAbbassidiSamarra', 'Samarra', false);
INSERT INTO gianozia_pages_page (id, current_id, name, title, has_toc) VALUES (20, 20, 'DSCArcheologiaIslamCittaAbbassidiUkhaydir', 'Ukhaydir', false);
INSERT INTO gianozia_pages_page (id, current_id, name, title, has_toc) VALUES (21, 21, 'DSCArcheologiaIslamCittaOmayyadiAnjar', 'Anjar', false);
INSERT INTO gianozia_pages_page (id, current_id, name, title, has_toc) VALUES (22, 22, 'DSCArcheologiaIslamCittaOmayyadiAqaba', 'Aqaba - Aila - Eilat', false);
INSERT INTO gianozia_pages_page (id, current_id, name, title, has_toc) VALUES (23, 23, 'DSCArcheologiaIslamCittaOmayyadiJerash', 'Jerash', false);
INSERT INTO gianozia_pages_page (id, current_id, name, title, has_toc) VALUES (24, 24, 'DSCArcheologiaIslamCupoladellaRoccia', 'Cupola della Roccia (Gerusalemme)', false);
INSERT INTO gianozia_pages_page (id, current_id, name, title, has_toc) VALUES (25, 25, 'DSCArcheologiaIslamFortelLejjun', 'Fort el-Lejjun', false);
INSERT INTO gianozia_pages_page (id, current_id, name, title, has_toc) VALUES (26, 26, 'DSCArcheologiaIslamMoschea', 'La formazione della Moschea', true);
INSERT INTO gianozia_pages_page (id, current_id, name, title, has_toc) VALUES (27, 27, 'DSCArcheologiaIslamMoscheaDamasco', 'La Grande Moschea degli Omayyadi a Damasco', false);
INSERT INTO gianozia_pages_page (id, current_id, name, title, has_toc) VALUES (28, 28, 'DSCArcheologiaIslamMoscheaIbnTulun', 'La Moschea di Ibn Tulun al Cairo', false);
INSERT INTO gianozia_pages_page (id, current_id, name, title, has_toc) VALUES (29, 29, 'DSCArcheologiaIslamMoscheaKairawan', 'La Moschea di Qairawan', false);
INSERT INTO gianozia_pages_page (id, current_id, name, title, has_toc) VALUES (31, 31, 'DSCArcheologiaIslamPalazzi', 'I palazzi', true);
INSERT INTO gianozia_pages_page (id, current_id, name, title, has_toc) VALUES (32, 32, 'DSCArcheologiaIslamQusur', 'Qusur', false);
INSERT INTO gianozia_pages_page (id, current_id, name, title, has_toc) VALUES (33, 33, 'DSCArcheologiaIslamQusurAmra', 'Qusayr `Amra', false);
INSERT INTO gianozia_pages_page (id, current_id, name, title, has_toc) VALUES (34, 34, 'DSCArcheologiaIslamQusurHayrGharbi', 'Qasr al-Hayr al-Gharbi', false);
INSERT INTO gianozia_pages_page (id, current_id, name, title, has_toc) VALUES (35, 35, 'DSCArcheologiaIslamQusurHayrSharki', 'Qasr al-Hayr al-Sharki', false);
INSERT INTO gianozia_pages_page (id, current_id, name, title, has_toc) VALUES (36, 36, 'DSCArcheologiaIslamQusurKharane', 'Qasr Kharane', false);
INSERT INTO gianozia_pages_page (id, current_id, name, title, has_toc) VALUES (37, 37, 'DSCArcheologiaIslamQusurKhirbet', 'Khirbet al-Mafjar', false);
INSERT INTO gianozia_pages_page (id, current_id, name, title, has_toc) VALUES (38, 38, 'DSCArcheologiaIslamQusurMshatta', 'Qasr Mshatta', false);
INSERT INTO gianozia_pages_page (id, current_id, name, title, has_toc) VALUES (39, 39, 'DSCCorofrastoLettereFecobioIndex', 'San Corofrasto - Lettere a Fecobio', false);
INSERT INTO gianozia_pages_page (id, current_id, name, title, has_toc) VALUES (40, 40, 'DSCCorofrastoVita', 'Vita di San Corofrasto da Coronella', false);
INSERT INTO gianozia_pages_page (id, current_id, name, title, has_toc) VALUES (41, 41, 'DSCOttomanaIconografia', 'Iconografia per la storia ottomana', false);
INSERT INTO gianozia_pages_page (id, current_id, name, title, has_toc) VALUES (42, 42, 'DSCPesiMisure', 'Pesi, misure e monete', false);
INSERT INTO gianozia_pages_page (id, current_id, name, title, has_toc) VALUES (43, 43, 'DSCPinguinoIJ', 'Il pinguino alla ricerca del computer perduto', false);
INSERT INTO gianozia_pages_page (id, current_id, name, title, has_toc) VALUES (44, 44, 'DSCRicette', 'Le ricette di San Corofrasto', false);
INSERT INTO gianozia_pages_page (id, current_id, name, title, has_toc) VALUES (45, 45, 'DSCRicetteCannelloni', 'Cannelloni della Regina Klarentia', false);
INSERT INTO gianozia_pages_page (id, current_id, name, title, has_toc) VALUES (46, 46, 'DSCRicetteVitelloGianoziana', 'Vitello alla Gianoziana', false);
INSERT INTO gianozia_pages_page (id, current_id, name, title, has_toc) VALUES (47, 47, 'DSCStoriaIslam', 'Storia dell''Islam', false);
INSERT INTO gianozia_pages_page (id, current_id, name, title, has_toc) VALUES (48, 48, 'DSCTurco', 'Turco', true);
INSERT INTO gianozia_pages_page (id, current_id, name, title, has_toc) VALUES (49, 49, 'DiniSWLNonInformatici1', 'Software libero e non informatici: le quattro libertà', false);
INSERT INTO gianozia_pages_page (id, current_id, name, title, has_toc) VALUES (50, 50, 'DiniSWLNonInformatici2', 'Software Libero e non informatici', false);
INSERT INTO gianozia_pages_page (id, current_id, name, title, has_toc) VALUES (51, 51, 'DiniSWLibero', 'Che cos''è il software libero?', false);
INSERT INTO gianozia_pages_page (id, current_id, name, title, has_toc) VALUES (52, 52, 'DscCorofrastoOpere', 'Opere e scritti di San Corofrasto', false);
INSERT INTO gianozia_pages_page (id, current_id, name, title, has_toc) VALUES (53, 53, 'DscPinguinoIJBestioni', 'Il pinguino alla ricerca del computer perduto', false);
INSERT INTO gianozia_pages_page (id, current_id, name, title, has_toc) VALUES (57, 57, 'DscPinguinoIJDispersi', 'Il pinguino alla ricerca del computer perduto', false);
INSERT INTO gianozia_pages_page (id, current_id, name, title, has_toc) VALUES (58, 58, 'DscPinguinoIJFonti', 'Il pinguino alla ricerca del computer perduto', false);
INSERT INTO gianozia_pages_page (id, current_id, name, title, has_toc) VALUES (59, 59, 'DscPinguinoIJGioielli', 'Il pinguino alla ricerca del computer perduto', false);
INSERT INTO gianozia_pages_page (id, current_id, name, title, has_toc) VALUES (60, 60, 'DscPinguinoIJPiccolini', 'Il pinguino alla ricerca del computer perduto', false);
INSERT INTO gianozia_pages_page (id, current_id, name, title, has_toc) VALUES (61, 61, 'DscPinguinoIJPrecursori1', 'Il pinguino alla ricerca del computer perduto', false);
INSERT INTO gianozia_pages_page (id, current_id, name, title, has_toc) VALUES (62, 62, 'DscPinguinoIJPrecursori2', 'Il pinguino alla ricerca del computer perduto', false);
INSERT INTO gianozia_pages_page (id, current_id, name, title, has_toc) VALUES (63, 63, 'DscPinguinoIJPrecursori3', 'Il pinguino alla ricerca del computer perduto', false);
INSERT INTO gianozia_pages_page (id, current_id, name, title, has_toc) VALUES (64, 64, 'DscPinguinoIJPrecursori4', 'Il Pinguino alla ricerca del computer perduto', false);
INSERT INTO gianozia_pages_page (id, current_id, name, title, has_toc) VALUES (67, 67, 'HomeUnikant', 'Università Immanuel Kant', false);
INSERT INTO gianozia_pages_page (id, current_id, name, title, has_toc) VALUES (69, 69, 'LingueGianozia', 'Lingue della Gianozia Orientale', false);
INSERT INTO gianozia_pages_page (id, current_id, name, title, has_toc) VALUES (65, 65, 'FAQ', 'FAQ', false);
INSERT INTO gianozia_pages_page (id, current_id, name, title, has_toc) VALUES (55, 55, 'DscPinguinoIJCroniche2', 'Croniche del DEI 2', false);
INSERT INTO gianozia_pages_page (id, current_id, name, title, has_toc) VALUES (56, 56, 'DscPinguinoIJCroniche3', 'Croniche del DEI 3', false);
INSERT INTO gianozia_pages_page (id, current_id, name, title, has_toc) VALUES (54, 54, 'DscPinguinoIJCroniche1', 'Croniche del DEI 1', false);


SELECT pg_catalog.setval('gianozia_pages_page_id_seq', 72, true);


--
-- Data for Name: gianozia_pages_menutitleinternal; Type: TABLE DATA; Schema: public; Owner: gianozia
--

INSERT INTO gianozia_pages_menutitleinternal (menuobject_ptr_id, level, text, page_id) VALUES (60, 1, 'Archeologia e arte islamica', 12);
INSERT INTO gianozia_pages_menutitleinternal (menuobject_ptr_id, level, text, page_id) VALUES (78, 2, 'La formazione della Moschea', 26);
INSERT INTO gianozia_pages_menutitleinternal (menuobject_ptr_id, level, text, page_id) VALUES (80, 2, 'I palazzi', 31);
INSERT INTO gianozia_pages_menutitleinternal (menuobject_ptr_id, level, text, page_id) VALUES (81, 3, 'Qusur', 32);
INSERT INTO gianozia_pages_menutitleinternal (menuobject_ptr_id, level, text, page_id) VALUES (88, 2, 'La città', 15);
INSERT INTO gianozia_pages_menutitleinternal (menuobject_ptr_id, level, text, page_id) VALUES (90, 3, 'Le città abbassidi', 16);
INSERT INTO gianozia_pages_menutitleinternal (menuobject_ptr_id, level, text, page_id) VALUES (91, 2, 'Bibliografia', 14);


--
-- Data for Name: gianozia_pages_menuiteminternal; Type: TABLE DATA; Schema: public; Owner: gianozia
--

INSERT INTO gianozia_pages_menuiteminternal (menuobject_ptr_id, text, page_id, level) VALUES (74, 'Cupola della Roccia (Gerusalemme)', 24, 0);
INSERT INTO gianozia_pages_menuiteminternal (menuobject_ptr_id, text, page_id, level) VALUES (61, 'La Moschea del Profeta a Medina', 30, 1);
INSERT INTO gianozia_pages_menuiteminternal (menuobject_ptr_id, text, page_id, level) VALUES (76, 'La Grande Moschea degli Omayyadi a Damasco', 27, 1);
INSERT INTO gianozia_pages_menuiteminternal (menuobject_ptr_id, text, page_id, level) VALUES (77, 'La Moschea di Ibn Tulun al Cairo', 28, 1);
INSERT INTO gianozia_pages_menuiteminternal (menuobject_ptr_id, text, page_id, level) VALUES (79, 'La Moschea di Qairawan', 29, 1);
INSERT INTO gianozia_pages_menuiteminternal (menuobject_ptr_id, text, page_id, level) VALUES (62, 'Palazzo degli Omayyadi ad Amman', 13, 1);
INSERT INTO gianozia_pages_menuiteminternal (menuobject_ptr_id, text, page_id, level) VALUES (85, 'Qasr Kharane', 36, 2);
INSERT INTO gianozia_pages_menuiteminternal (menuobject_ptr_id, text, page_id, level) VALUES (82, 'Qusayr `Amra', 33, 2);
INSERT INTO gianozia_pages_menuiteminternal (menuobject_ptr_id, text, page_id, level) VALUES (83, 'Qasr al-Hayr al-Gharbi', 34, 2);
INSERT INTO gianozia_pages_menuiteminternal (menuobject_ptr_id, text, page_id, level) VALUES (84, 'Qasr al-Hayr al-Sharki', 35, 2);
INSERT INTO gianozia_pages_menuiteminternal (menuobject_ptr_id, text, page_id, level) VALUES (86, 'Khirbet al-Mafjar', 37, 2);
INSERT INTO gianozia_pages_menuiteminternal (menuobject_ptr_id, text, page_id, level) VALUES (87, 'Qasr Mshatta', 38, 2);
INSERT INTO gianozia_pages_menuiteminternal (menuobject_ptr_id, text, page_id, level) VALUES (75, 'Fort el-Lejjun', 25, 2);
INSERT INTO gianozia_pages_menuiteminternal (menuobject_ptr_id, text, page_id, level) VALUES (73, 'Jerash', 23, 2);
INSERT INTO gianozia_pages_menuiteminternal (menuobject_ptr_id, text, page_id, level) VALUES (72, 'Aqaba - Aila - Eilat', 22, 2);
INSERT INTO gianozia_pages_menuiteminternal (menuobject_ptr_id, text, page_id, level) VALUES (71, 'Anjar', 21, 2);
INSERT INTO gianozia_pages_menuiteminternal (menuobject_ptr_id, text, page_id, level) VALUES (70, 'Ukhaydir', 20, 2);
INSERT INTO gianozia_pages_menuiteminternal (menuobject_ptr_id, text, page_id, level) VALUES (67, 'Baghdad', 17, 2);
INSERT INTO gianozia_pages_menuiteminternal (menuobject_ptr_id, text, page_id, level) VALUES (68, 'Raqqa - al-Rafika', 18, 2);
INSERT INTO gianozia_pages_menuiteminternal (menuobject_ptr_id, text, page_id, level) VALUES (69, 'Samarra', 19, 2);



--

--
-- Data for Name: gianozia_pages_pagemenurelation; Type: TABLE DATA; Schema: public; Owner: gianozia
--

INSERT INTO gianozia_pages_pagemenurelation (id, pos, page_id, menu_id) VALUES (1, 1, 2, 2);
INSERT INTO gianozia_pages_pagemenurelation (id, pos, page_id, menu_id) VALUES (2, 1, 3, 3);
INSERT INTO gianozia_pages_pagemenurelation (id, pos, page_id, menu_id) VALUES (3, 1, 4, 3);
INSERT INTO gianozia_pages_pagemenurelation (id, pos, page_id, menu_id) VALUES (5, 1, 67, 4);
INSERT INTO gianozia_pages_pagemenurelation (id, pos, page_id, menu_id) VALUES (6, 1, 69, 2);
INSERT INTO gianozia_pages_pagemenurelation (id, pos, page_id, menu_id) VALUES (7, 1, 71, 2);
INSERT INTO gianozia_pages_pagemenurelation (id, pos, page_id, menu_id) VALUES (8, 1, 13, 5);
INSERT INTO gianozia_pages_pagemenurelation (id, pos, page_id, menu_id) VALUES (9, 1, 12, 5);
INSERT INTO gianozia_pages_pagemenurelation (id, pos, page_id, menu_id) VALUES (4, 1, 66, 2);

SELECT pg_catalog.setval('gianozia_pages_pagemenurelation_id_seq', 9, true);


--
-- Data for Name: gianozia_pages_scheda; Type: TABLE DATA; Schema: public; Owner: gianozia
--


INSERT INTO gianozia_pages_scheda (id, page_id, name) VALUES (2, 19, 'DSCArcheologiaIslamCittaAbbassidiSamarra (scheda)');
INSERT INTO gianozia_pages_scheda (id, page_id, name) VALUES (3, 20, 'DSCArcheologiaIslamCittaAbbassidiUkhaydir (scheda)');
INSERT INTO gianozia_pages_scheda (id, page_id, name) VALUES (4, 21, 'DSCArcheologiaIslamCittaOmayyadiAnjar (scheda)');
INSERT INTO gianozia_pages_scheda (id, page_id, name) VALUES (5, 22, 'DSCArcheologiaIslamCittaOmayyadiAqaba (scheda)');
INSERT INTO gianozia_pages_scheda (id, page_id, name) VALUES (6, 23, 'DSCArcheologiaIslamCittaOmayyadiJerash (scheda)');
INSERT INTO gianozia_pages_scheda (id, page_id, name) VALUES (7, 24, 'DSCArcheologiaIslamCupoladellaRoccia (scheda)');
INSERT INTO gianozia_pages_scheda (id, page_id, name) VALUES (8, 25, 'DSCArcheologiaIslamFortelLejjun (scheda)');
INSERT INTO gianozia_pages_scheda (id, page_id, name) VALUES (9, 27, 'DSCArcheologiaIslamMoscheaDamasco (scheda)');
INSERT INTO gianozia_pages_scheda (id, page_id, name) VALUES (10, 28, 'DSCArcheologiaIslamMoscheaIbnTulun (scheda)');
INSERT INTO gianozia_pages_scheda (id, page_id, name) VALUES (11, 29, 'DSCArcheologiaIslamMoscheaKairawan (scheda)');
INSERT INTO gianozia_pages_scheda (id, page_id, name) VALUES (12, 30, 'DSCArcheologiaIslamMoscheaProfeta (scheda)');
INSERT INTO gianozia_pages_scheda (id, page_id, name) VALUES (13, 33, 'DSCArcheologiaIslamQusurAmra (scheda)');
INSERT INTO gianozia_pages_scheda (id, page_id, name) VALUES (14, 34, 'DSCArcheologiaIslamQusurHayrGharbi (scheda)');
INSERT INTO gianozia_pages_scheda (id, page_id, name) VALUES (15, 35, 'DSCArcheologiaIslamQusurHayrSharki (scheda)');
INSERT INTO gianozia_pages_scheda (id, page_id, name) VALUES (16, 36, 'DSCArcheologiaIslamQusurKharane (scheda)');
INSERT INTO gianozia_pages_scheda (id, page_id, name) VALUES (17, 37, 'DSCArcheologiaIslamQusurKhirbet (scheda)');
INSERT INTO gianozia_pages_scheda (id, page_id, name) VALUES (18, 38, 'DSCArcheologiaIslamQusurMshatta (scheda)');
INSERT INTO gianozia_pages_scheda (id, page_id, name) VALUES (1, 13, 'DSCArcheologiaIslamAmman (scheda)');



SELECT pg_catalog.setval('gianozia_pages_scheda_id_seq', 18, true);


--
-- Data for Name: gianozia_pages_schedakey; Type: TABLE DATA; Schema: public; Owner: gianozia
--

INSERT INTO gianozia_pages_schedakey (id, name) VALUES (1, 'anno');
INSERT INTO gianozia_pages_schedakey (id, name) VALUES (2, 'luogo');
INSERT INTO gianozia_pages_schedakey (id, name) VALUES (3, 'committente');
INSERT INTO gianozia_pages_schedakey (id, name) VALUES (4, 'architetti');


SELECT pg_catalog.setval('gianozia_pages_schedakey_id_seq', 4, true);


--
-- Data for Name: gianozia_pages_schedavalue; Type: TABLE DATA; Schema: public; Owner: gianozia
--

INSERT INTO gianozia_pages_schedavalue (id, key_id, scheda_id, value) VALUES (3, 1, 2, '[u''847-861'']');
INSERT INTO gianozia_pages_schedavalue (id, key_id, scheda_id, value) VALUES (4, 2, 2, '[u''Samarra'']');
INSERT INTO gianozia_pages_schedavalue (id, key_id, scheda_id, value) VALUES (5, 3, 2, '[u''al-Mutawakkil'']');
INSERT INTO gianozia_pages_schedavalue (id, key_id, scheda_id, value) VALUES (6, 1, 3, '[u''778'']');
INSERT INTO gianozia_pages_schedavalue (id, key_id, scheda_id, value) VALUES (7, 2, 3, '[u''Iraq'']');
INSERT INTO gianozia_pages_schedavalue (id, key_id, scheda_id, value) VALUES (8, 3, 3, '[u''un abbasside trasferito perch\xe9 aveva problemi a Baghdad'']');
INSERT INTO gianozia_pages_schedavalue (id, key_id, scheda_id, value) VALUES (9, 1, 4, '[u''VII secolo'']');
INSERT INTO gianozia_pages_schedavalue (id, key_id, scheda_id, value) VALUES (10, 2, 4, '[u''Grande Siria, attuale Libano'']');
INSERT INTO gianozia_pages_schedavalue (id, key_id, scheda_id, value) VALUES (11, 3, 4, '[u''al-Walid'']');
INSERT INTO gianozia_pages_schedavalue (id, key_id, scheda_id, value) VALUES (12, 1, 5, '[u''circa 650'']');
INSERT INTO gianozia_pages_schedavalue (id, key_id, scheda_id, value) VALUES (13, 2, 5, '[u''Giordania, parte Israele'']');
INSERT INTO gianozia_pages_schedavalue (id, key_id, scheda_id, value) VALUES (14, 3, 5, '[u"''Uthm\u0101n ibn ''Aff\u0101n"]');
INSERT INTO gianozia_pages_schedavalue (id, key_id, scheda_id, value) VALUES (15, 1, 6, '[u''III sec. a.C., islamica dal 630-650, fino al XIV sec.'']');
INSERT INTO gianozia_pages_schedavalue (id, key_id, scheda_id, value) VALUES (16, 2, 6, '[u''Giordania'']');
INSERT INTO gianozia_pages_schedavalue (id, key_id, scheda_id, value) VALUES (17, 1, 7, '[u''691'']');
INSERT INTO gianozia_pages_schedavalue (id, key_id, scheda_id, value) VALUES (18, 2, 7, '[u''Gerusalemme committente'']');
INSERT INTO gianozia_pages_schedavalue (id, key_id, scheda_id, value) VALUES (19, 4, 7, '[u"Raja'' ibn Haywen, Yazid ibn Salam"]');
INSERT INTO gianozia_pages_schedavalue (id, key_id, scheda_id, value) VALUES (20, 1, 8, '[u''IV secolo'']');
INSERT INTO gianozia_pages_schedavalue (id, key_id, scheda_id, value) VALUES (21, 2, 8, '[u''vicino a Udruh in Giordania'']');
INSERT INTO gianozia_pages_schedavalue (id, key_id, scheda_id, value) VALUES (22, 1, 9, '[u''706'']');
INSERT INTO gianozia_pages_schedavalue (id, key_id, scheda_id, value) VALUES (23, 2, 9, '[u''Damasco'']');
INSERT INTO gianozia_pages_schedavalue (id, key_id, scheda_id, value) VALUES (24, 3, 9, '[u''al-Walid'']');
INSERT INTO gianozia_pages_schedavalue (id, key_id, scheda_id, value) VALUES (25, 1, 10, '[u''870-879'']');
INSERT INTO gianozia_pages_schedavalue (id, key_id, scheda_id, value) VALUES (26, 2, 10, '[u''Fustat, il Cairo'']');
INSERT INTO gianozia_pages_schedavalue (id, key_id, scheda_id, value) VALUES (27, 3, 10, '[u''Ibn Tulun'']');
INSERT INTO gianozia_pages_schedavalue (id, key_id, scheda_id, value) VALUES (28, 1, 11, '[u''670, restaurata tre volte nel IX secolo (817-838, 856-863)'']');
INSERT INTO gianozia_pages_schedavalue (id, key_id, scheda_id, value) VALUES (29, 2, 11, '[u''Qairawan, Tunisia'']');
INSERT INTO gianozia_pages_schedavalue (id, key_id, scheda_id, value) VALUES (30, 1, 12, '[u''624, restauro 706-710'']');
INSERT INTO gianozia_pages_schedavalue (id, key_id, scheda_id, value) VALUES (31, 2, 12, '[u''Medina'']');
INSERT INTO gianozia_pages_schedavalue (id, key_id, scheda_id, value) VALUES (32, 3, 12, '[u''Mohammad, restauro al-Walid'']');
INSERT INTO gianozia_pages_schedavalue (id, key_id, scheda_id, value) VALUES (33, 1, 13, '[u''712-715'']');
INSERT INTO gianozia_pages_schedavalue (id, key_id, scheda_id, value) VALUES (34, 2, 13, '[u''Asraq, Giordania'']');
INSERT INTO gianozia_pages_schedavalue (id, key_id, scheda_id, value) VALUES (35, 3, 13, '[u''al-Walid'']');
INSERT INTO gianozia_pages_schedavalue (id, key_id, scheda_id, value) VALUES (36, 1, 14, '[u''724-727'']');
INSERT INTO gianozia_pages_schedavalue (id, key_id, scheda_id, value) VALUES (37, 2, 14, '[u''Palmyra, Siria, zona ora desertica'']');
INSERT INTO gianozia_pages_schedavalue (id, key_id, scheda_id, value) VALUES (38, 3, 14, '[u''Hisham'']');
INSERT INTO gianozia_pages_schedavalue (id, key_id, scheda_id, value) VALUES (39, 1, 15, '[u''728-729'']');
INSERT INTO gianozia_pages_schedavalue (id, key_id, scheda_id, value) VALUES (40, 2, 15, '[u''Palmyra, Siria, zona ora desertica'']');
INSERT INTO gianozia_pages_schedavalue (id, key_id, scheda_id, value) VALUES (41, 3, 15, '[u''Hisham'']');
INSERT INTO gianozia_pages_schedavalue (id, key_id, scheda_id, value) VALUES (42, 1, 16, '[u''710'']');
INSERT INTO gianozia_pages_schedavalue (id, key_id, scheda_id, value) VALUES (43, 2, 16, '[u''Azraq, Giordania'']');
INSERT INTO gianozia_pages_schedavalue (id, key_id, scheda_id, value) VALUES (44, 3, 16, '[u''al-Walid'']');
INSERT INTO gianozia_pages_schedavalue (id, key_id, scheda_id, value) VALUES (45, 1, 17, '[u''736-747, IX sec., X sec., XII-XIV sec.'']');
INSERT INTO gianozia_pages_schedavalue (id, key_id, scheda_id, value) VALUES (46, 2, 17, '[u''Israele, circa 5 km da Gerico'']');
INSERT INTO gianozia_pages_schedavalue (id, key_id, scheda_id, value) VALUES (47, 3, 17, '[u''al-Walid'']');
INSERT INTO gianozia_pages_schedavalue (id, key_id, scheda_id, value) VALUES (48, 1, 18, '[u''743-744'']');
INSERT INTO gianozia_pages_schedavalue (id, key_id, scheda_id, value) VALUES (49, 2, 18, '[u''32 km da Amman, Giordania'']');
INSERT INTO gianozia_pages_schedavalue (id, key_id, scheda_id, value) VALUES (50, 3, 18, '[u''al-Walid II'']');
INSERT INTO gianozia_pages_schedavalue (id, key_id, scheda_id, value) VALUES (1, 1, 1, '725-750');
INSERT INTO gianozia_pages_schedavalue (id, key_id, scheda_id, value) VALUES (2, 2, 1, 'Amman, Giordania');


SELECT pg_catalog.setval('gianozia_pages_schedavalue_id_seq', 50, true);


